# Kawahara, Maekawa & Ikeda (2009), 10th Int. Conf. on Stability of Ships and Ocean Vehicles
# (STAB 2009), Figure 1: (a) OG/d = -0.2, (b) OG/d = -1.5.
# Hull: L/B 6.0, B/d 4.0, C_B 0.65, C_M 0.98, phi_a 10 deg, b_BK/B 0.025, l_BK/L_pp 0.2.
# The SYMBOLS only: the original Ikeda method (total, eddy, bilge keel) and potential
# theory (wave) -- what the simplified formulas were fitted to. The figure's lines are
# the PREVIOUS (2008) simplified formula, which the paper replaces; not extracted.
# Extracted from the PDF's vector paths: marker centres from the path geometry, axes
# calibrated on the first and last tick marks (x 0.2..1.0; y 0..0.02 in (a), 0..0.07 in (b)).
# No reading by eye. Friction is not in the total (total = eddy + wave + bilge keel to
# the extraction's resolution).
panel,OG_d,component,w_hat,B44_hat
a,-0.2,total,0.2587,0.002878
a,-0.2,total,0.2678,0.002979
a,-0.2,total,0.2774,0.003080
a,-0.2,total,0.2877,0.003193
a,-0.2,total,0.2987,0.003316
a,-0.2,total,0.3106,0.003451
a,-0.2,total,0.3234,0.003777
a,-0.2,total,0.3377,0.003980
a,-0.2,total,0.3529,0.004205
a,-0.2,total,0.3698,0.004463
a,-0.2,total,0.3883,0.004767
a,-0.2,total,0.4088,0.005104
a,-0.2,total,0.4315,0.005497
a,-0.2,total,0.4568,0.006015
a,-0.2,total,0.4855,0.006667
a,-0.2,total,0.5178,0.007431
a,-0.2,total,0.5547,0.008353
a,-0.2,total,0.5975,0.009432
a,-0.2,total,0.7063,0.012580
a,-0.2,total,0.7767,0.014435
a,-0.2,total,0.8632,0.016425
a,-0.2,total,0.9710,0.018347
a,-0.2,eddy,0.2587,0.000393
a,-0.2,eddy,0.2678,0.000410
a,-0.2,eddy,0.2774,0.000427
a,-0.2,eddy,0.2877,0.000450
a,-0.2,eddy,0.2987,0.000461
a,-0.2,eddy,0.3106,0.000483
a,-0.2,eddy,0.3234,0.000506
a,-0.2,eddy,0.3377,0.000528
a,-0.2,eddy,0.3529,0.000545
a,-0.2,eddy,0.3698,0.000573
a,-0.2,eddy,0.3883,0.000607
a,-0.2,eddy,0.4088,0.000629
a,-0.2,eddy,0.4315,0.000663
a,-0.2,eddy,0.4568,0.000708
a,-0.2,eddy,0.4855,0.000753
a,-0.2,eddy,0.5178,0.000798
a,-0.2,eddy,0.5547,0.000854
a,-0.2,eddy,0.5975,0.000922
a,-0.2,eddy,0.6474,0.001000
a,-0.2,eddy,0.7063,0.001090
a,-0.2,eddy,0.7767,0.001197
a,-0.2,eddy,0.8632,0.001332
a,-0.2,eddy,0.9710,0.001506
a,-0.2,wave,0.2588,-0.000006
a,-0.2,wave,0.2678,-0.000006
a,-0.2,wave,0.2774,-0.000006
a,-0.2,wave,0.2877,-0.000006
a,-0.2,wave,0.2988,-0.000006
a,-0.2,wave,0.3107,-0.000006
a,-0.2,wave,0.3236,0.000180
a,-0.2,wave,0.3377,0.000230
a,-0.2,wave,0.3530,0.000287
a,-0.2,wave,0.3699,0.000360
a,-0.2,wave,0.3885,0.000450
a,-0.2,wave,0.4089,0.000562
a,-0.2,wave,0.4316,0.000703
a,-0.2,wave,0.4569,0.000933
a,-0.2,wave,0.4855,0.001270
a,-0.2,wave,0.5179,0.001681
a,-0.2,wave,0.5549,0.002187
a,-0.2,wave,0.5975,0.002805
a,-0.2,wave,0.6474,0.003637
a,-0.2,wave,0.7063,0.004744
a,-0.2,wave,0.7768,0.005823
a,-0.2,wave,0.8633,0.006852
a,-0.2,wave,0.9712,0.007577
a,-0.2,bilge_keel,0.2587,0.002462
a,-0.2,bilge_keel,0.2678,0.002552
a,-0.2,bilge_keel,0.2774,0.002636
a,-0.2,bilge_keel,0.2877,0.002732
a,-0.2,bilge_keel,0.2987,0.002844
a,-0.2,bilge_keel,0.3106,0.002957
a,-0.2,bilge_keel,0.3234,0.003080
a,-0.2,bilge_keel,0.3377,0.003215
a,-0.2,bilge_keel,0.3529,0.003361
a,-0.2,bilge_keel,0.3698,0.003519
a,-0.2,bilge_keel,0.3883,0.003687
a,-0.2,bilge_keel,0.4088,0.003890
a,-0.2,bilge_keel,0.4315,0.004103
a,-0.2,bilge_keel,0.4568,0.004339
a,-0.2,bilge_keel,0.4855,0.004621
a,-0.2,bilge_keel,0.5178,0.004924
a,-0.2,bilge_keel,0.5547,0.005284
a,-0.2,bilge_keel,0.5975,0.005689
a,-0.2,bilge_keel,0.6474,0.006161
a,-0.2,bilge_keel,0.7063,0.006723
a,-0.2,bilge_keel,0.7767,0.007392
a,-0.2,bilge_keel,0.8632,0.008218
a,-0.2,bilge_keel,0.9710,0.009241
b,-1.5,total,0.2587,0.009089
b,-1.5,total,0.2678,0.009443
b,-1.5,total,0.2774,0.009758
b,-1.5,total,0.2875,0.010112
b,-1.5,total,0.2986,0.010506
b,-1.5,total,0.3106,0.010899
b,-1.5,total,0.3236,0.011647
b,-1.5,total,0.3376,0.012198
b,-1.5,total,0.3531,0.012827
b,-1.5,total,0.3699,0.013535
b,-1.5,total,0.3884,0.014322
b,-1.5,total,0.4088,0.015267
b,-1.5,total,0.4315,0.016329
b,-1.5,total,0.4570,0.017628
b,-1.5,total,0.4854,0.019280
b,-1.5,total,0.5178,0.021307
b,-1.5,total,0.5548,0.023786
b,-1.5,total,0.5977,0.026934
b,-1.5,total,0.6473,0.031203
b,-1.5,total,0.7063,0.037105
b,-1.5,total,0.7770,0.044542
b,-1.5,total,0.8631,0.054891
b,-1.5,total,0.9712,0.067285
b,-1.5,eddy,0.2587,0.001849
b,-1.5,eddy,0.2678,0.001928
b,-1.5,eddy,0.2774,0.002006
b,-1.5,eddy,0.2875,0.002046
b,-1.5,eddy,0.2986,0.002124
b,-1.5,eddy,0.3106,0.002203
b,-1.5,eddy,0.3236,0.002321
b,-1.5,eddy,0.3376,0.002400
b,-1.5,eddy,0.3531,0.002518
b,-1.5,eddy,0.3699,0.002636
b,-1.5,eddy,0.3884,0.002754
b,-1.5,eddy,0.4088,0.002911
b,-1.5,eddy,0.4315,0.003069
b,-1.5,eddy,0.4570,0.003266
b,-1.5,eddy,0.4854,0.003462
b,-1.5,eddy,0.5178,0.003659
b,-1.5,eddy,0.5548,0.003934
b,-1.5,eddy,0.5977,0.004249
b,-1.5,eddy,0.6473,0.004603
b,-1.5,eddy,0.7063,0.004997
b,-1.5,eddy,0.7770,0.005508
b,-1.5,eddy,0.8631,0.006099
b,-1.5,eddy,0.9712,0.006886
b,-1.5,wave,0.2588,0.000019
b,-1.5,wave,0.2678,0.000019
b,-1.5,wave,0.2774,0.000019
b,-1.5,wave,0.2876,0.000019
b,-1.5,wave,0.2987,0.000019
b,-1.5,wave,0.3107,0.000019
b,-1.5,wave,0.3236,0.000295
b,-1.5,wave,0.3377,0.000373
b,-1.5,wave,0.3531,0.000472
b,-1.5,wave,0.3699,0.000570
b,-1.5,wave,0.3885,0.000708
b,-1.5,wave,0.4089,0.000944
b,-1.5,wave,0.4316,0.001200
b,-1.5,wave,0.4570,0.001633
b,-1.5,wave,0.4855,0.002302
b,-1.5,wave,0.5180,0.003167
b,-1.5,wave,0.5549,0.004348
b,-1.5,wave,0.5977,0.006020
b,-1.5,wave,0.6474,0.008519
b,-1.5,wave,0.7064,0.012394
b,-1.5,wave,0.7770,0.017352
b,-1.5,wave,0.8632,0.024671
b,-1.5,wave,0.9712,0.033328
b,-1.5,bilge_keel,0.2587,0.007240
b,-1.5,bilge_keel,0.2678,0.007495
b,-1.5,bilge_keel,0.2774,0.007751
b,-1.5,bilge_keel,0.2875,0.008027
b,-1.5,bilge_keel,0.2986,0.008361
b,-1.5,bilge_keel,0.3106,0.008696
b,-1.5,bilge_keel,0.3236,0.009050
b,-1.5,bilge_keel,0.3376,0.009443
b,-1.5,bilge_keel,0.3531,0.009876
b,-1.5,bilge_keel,0.3699,0.010348
b,-1.5,bilge_keel,0.3884,0.010860
b,-1.5,bilge_keel,0.4088,0.011450
b,-1.5,bilge_keel,0.4315,0.012040
b,-1.5,bilge_keel,0.4570,0.012788
b,-1.5,bilge_keel,0.4854,0.013575
b,-1.5,bilge_keel,0.5178,0.014480
b,-1.5,bilge_keel,0.5548,0.015503
b,-1.5,bilge_keel,0.5977,0.016683
b,-1.5,bilge_keel,0.6473,0.018100
b,-1.5,bilge_keel,0.7063,0.019713
b,-1.5,bilge_keel,0.7770,0.021681
b,-1.5,bilge_keel,0.8631,0.024081
b,-1.5,bilge_keel,0.9712,0.027071
